Date,Visitor,Visitor Score,Home Team,Home Score,Line
08/28/1991,Georgia Tech,22,Penn State,34,2.0
08/29/1991,Brigham Young,28,Florida State,44,-14.5
08/31/1991,Arkansas State,24,Colorado State,38, 
08/31/1991,Ball State,7,Miami-Ohio,15, 
08/31/1991,Boston College,13,Rutgers,20,2.0
08/31/1991,Central Michigan,17,Ohio,17, 
08/31/1991,Delta State,7,Southern Miss,25, 
08/31/1991,East Carolina,31,Illinois,38,13.0
08/31/1991,Eastern Kentucky,14,Louisville,24, 
08/31/1991,Eastern Michigan,6,Bowling Green,17, 
08/31/1991,Fullerton State,3,Mississippi State,47, 
08/31/1991,Georgia Southern,17,Auburn,32, 
08/31/1991,Hawaii,32,Wyoming,17,5.0
08/31/1991,James Madison,12,Virginia Tech,41, 
08/31/1991,Kent State,10,Western Michigan,13, 
08/31/1991,Louisiana Tech,3,Houston,73, 
08/31/1991,Miami-Florida,31,Arkansas,3,-21.5
08/31/1991,Mississippi,22,Tulane,3,-4.0
08/31/1991,UL-Monroe,21,UL-Lafayette,10, 
08/31/1991,New Mexico,19,UTEP,35,3.0
08/31/1991,Pittsburgh,34,West Virginia,3,2.5
08/31/1991,Sacramento State,43,Pacific,40, 
08/31/1991,Missouri State,13,Tulsa,34, 
08/31/1991,Utah State,7,Utah,12, 
08/31/1991,Western Carolina,0,Georgia,48, 
08/31/1991,Weber State,31,Air Force,48, 
09/02/1991,Memphis,24,Southern Cal,10,17.0
09/05/1991,Tennessee,28,Louisville,11,-7.5
09/07/1991,Air Force,31,Colorado State,26,5.5
09/07/1991,Akron,12,Western Michigan,35, 
09/07/1991,Appalachian State,0,Clemson,34, 
09/07/1991,Arizona,14,Ohio State,38,9.0
09/07/1991,Ball State,33,Navy,10, 
09/07/1991,Bowling Green,17,West Virginia,24, 
09/07/1991,Brigham Young,23,U.C.L.A.,27,5.0
09/07/1991,Cincinnati,0,Penn State,81,36.5
09/07/1991,Duke,24,South Carolina,24,9.0
09/07/1991,Eastern Illinois,13,Iowa State,42, 
09/07/1991,Eastern Michigan,3,Purdue,49, 
09/07/1991,Fullerton State,7,Texas Tech,41, 
09/07/1991,Hawaii,10,Iowa,53,15.0
09/07/1991,Indiana,27,Notre Dame,49,17.5
09/07/1991,Indiana State,25,Kansas State,26, 
09/07/1991,Kansas,30,Toledo,7, 
09/07/1991,Louisiana State,10,Georgia,31,5.5
09/07/1991,Miami-Ohio,20,Kentucky,23, 
09/07/1991,Michigan,35,Boston College,13,-23.0
09/07/1991,Mississippi,10,Memphis,0,-2.5
09/07/1991,Northern Illinois,7,Fresno State,55, 
09/07/1991,New Mexico,7,Texas Christian,60,20.0
09/07/1991,Northwestern St(LA),28,Arkansas State,3, 
09/07/1991,Oklahoma State,7,Tulsa,13,3.0
09/07/1991,Pacific,24,California,86, 
09/07/1991,San Jose State,21,Florida,59, 
09/07/1991,Southern Miss,14,Pittsburgh,35,6.0
09/07/1991,S-M-U,6,Arkansas,17,16.0
09/07/1991,UL-Lafayette,24,Central Michigan,27, 
09/07/1991,Temple,3,Alabama,41,18.0
09/07/1991,Texas,6,Mississippi State,13,-8.0
09/07/1991,Tulane,11,Florida State,38,39.0
09/07/1991,Nevada-Las Vegas,8,Nevada-Reno,50, 
09/07/1991,Utah,22,Oregon State,10,-1.0
09/07/1991,UTEP,7,Baylor,27,18.5
09/07/1991,Utah State,28,Nebraska,59, 
09/07/1991,Vanderbilt,10,Syracuse,37,24.0
09/07/1991,Virginia,6,Maryland,17,-4.5
09/07/1991,Virginia Tech,0,No Carolina State,7,1.5
09/07/1991,Washington,42,Stanford,7,-7.5
09/07/1991,Washington State,14,Oregon,40,8.0
09/07/1991,Wyoming,13,Colorado,30,22.0
09/08/1991,Long Beach State,13,San Diego State,49, 
09/12/1991,Houston,10,Miami-Florida,40,7.0
09/14/1991,Air Force,24,Utah,21,-5.0
09/14/1991,Arkansas State,21,Northern Illinois,22, 
09/14/1991,Alabama,0,Florida,35,8.0
09/14/1991,Arizona State,30,Oklahoma State,3,-3.0
09/14/1991,Ball State,16,Texas Christian,22, 
09/14/1991,Baylor,16,Colorado,14,7.5
09/14/1991,Cincinnati,16,North Carolina,51,31.5
09/14/1991,Central Michigan,20,Michigan State,3, 
09/14/1991,Colgate,22,Army,51, 
09/14/1991,Colorado State,14,Nebraska,71,24.0
09/14/1991,Eastern Michigan,3,Miami-Ohio,29, 
09/14/1991,Fresno State,34,Washington State,30, 
09/14/1991,Georgia Tech,30,Boston College,14,-14.5
09/14/1991,Idaho State,7,Kansas State,41, 
09/14/1991,Illinois,19,Missouri,23,-7.0
09/14/1991,Illinois State,25,Akron,3, 
09/14/1991,Iowa,29,Iowa State,10,-14.0
09/14/1991,Kent State,0,No Carolina State,47, 
09/14/1991,Long Beach State,14,Boise State,48, 
09/14/1991,Louisville,15,Ohio State,23,16.5
09/14/1991,Louisiana State,7,Texas A+M,45,10.5
09/14/1991,Memphis,13,East Carolina,20,4.5
09/14/1991,Mississippi,13,Auburn,23,12.0
09/14/1991,Montana,11,Louisiana Tech,21, 
09/14/1991,Navy,10,Virginia,17,27.5
09/14/1991,Notre Dame,14,Michigan,24,3.0
09/14/1991,New Mexico,13,Hawaii,35,28.0
09/14/1991,North Texas,2,Oklahoma,40, 
09/14/1991,Oregon,28,Texas Tech,13,-1.0
09/14/1991,Oregon State,9,Nevada-Las Vegas,23, 
09/14/1991,Pacific,34,San Diego State,55, 
09/14/1991,Penn State,10,Southern Cal,21,-6.0
09/14/1991,Purdue,18,California,42,15.0
09/14/1991,Rice,36,Northwestern,7,-7.0
09/14/1991,Rutgers,22,Duke,42,6.0
09/14/1991,South Carolina,16,West Virginia,21,-3.0
09/14/1991,San Jose State,20,Minnesota,26, 
09/14/1991,S-M-U,11,Vanderbilt,14,4.0
09/14/1991,Stanford,23,Arizona,28,2.0
09/14/1991,UL-Lafayette,15,Wyoming,28,9.0
09/14/1991,Syracuse,31,Maryland,17,-6.0
09/14/1991,Temple,7,Pittsburgh,26,17.0
09/14/1991,Tennessee Tech,14,Ohio,35, 
09/14/1991,Tulane,0,Mississippi State,48,14.5
09/14/1991,Tulsa,17,Kansas,23,6.0
09/14/1991,U.C.L.A.,16,Tennessee,30,6.0
09/14/1991,UTEP,22,New Mexico State,21, 
09/14/1991,Western Carolina,24,Wake Forest,40, 
09/14/1991,Western Illinois,13,Wisconsin,31, 
09/14/1991,Western Michigan,0,Florida State,58, 
09/19/1991,Virginia,21,Georgia Tech,24,12.0
09/21/1991,Akron,29,Central Michigan,31, 
09/21/1991,Arkansas State,21,Memphis,31, 
09/21/1991,Auburn,14,Texas,10,3.0
09/21/1991,Arizona State,32,Southern Cal,25,8.5
09/21/1991,Brigham Young,7,Penn State,33,13.0
09/21/1991,California,23,Arizona,21,-3.0
09/21/1991,Cincinnati,16,Bowling Green,20, 
09/21/1991,Colgate,14,Duke,42, 
09/21/1991,Colorado State,7,Southern Miss,39,7.5
09/21/1991,East Carolina,47,U-C-F,25, 
09/21/1991,Florida,21,Syracuse,38,-8.0
09/21/1991,Fresno State,24,Oregon State,20, 
09/21/1991,Georgia,0,Alabama,10,7.0
09/21/1991,Houston,10,Illinois,51,-9.0
09/21/1991,Iowa State,6,Wisconsin,7,-3.5
09/21/1991,Kent State,27,Ball State,28, 
09/21/1991,Kentucky,10,Indiana,13,10.0
09/21/1991,Louisiana Tech,17,Eastern Michigan,14, 
09/21/1991,Michigan State,10,Notre Dame,49,11.0
09/21/1991,Minnesota,0,Colorado,58,16.0
09/21/1991,Missouri,21,Baylor,47,14.5
09/21/1991,Mississippi State,24,Tennessee,26,13.0
09/21/1991,North Carolina,20,Army,12,-9.0
09/21/1991,No Carolina State,30,Wake Forest,3,-13.0
09/21/1991,Northern Illinois,17,Kansas State,34, 
09/21/1991,New Mexico State,14,Kansas,54, 
09/21/1991,Northridge State,10,Fullerton State,17, 
09/21/1991,Northwestern St(LA),0,UTEP,14, 
09/21/1991,Northwestern,18,Rutgers,22,16.0
09/21/1991,Ohio,14,Mississippi,38, 
09/21/1991,Oregon,17,Utah,24,-12.5
09/21/1991,Pacific,21,Hawaii,30, 
09/21/1991,Rice,28,Tulane,19,-6.0
09/21/1991,San Diego State,20,Air Force,21,3.0
09/21/1991,San Jose State,32,Long Beach State,20, 
09/21/1991,UL-Lafayette,7,Arkansas,9,9.0
09/21/1991,Texas Christian,24,Oklahoma State,21,-3.5
09/21/1991,Temple,7,Clemson,37,24.5
09/21/1991,Toledo,23,Western Michigan,13, 
09/21/1991,Texas Tech,17,Wyoming,22,3.5
09/21/1991,Texas A+M,34,Tulsa,35,-19.0
09/21/1991,Nevada-Las Vegas,23,New Mexico,22, 
09/21/1991,Utah State,21,Oklahoma,55, 
09/21/1991,Vanderbilt,14,Louisiana State,16,13.0
09/21/1991,Virginia Tech,21,South Carolina,28,0.0
09/21/1991,Washington,36,Nebraska,21,1.0
09/21/1991,Washington State,19,Ohio State,33,20.0
09/21/1991,William + Mary,26,Navy,21, 
09/21/1991,West Virginia,37,Maryland,7,2.5
09/26/1991,U.C.L.A.,37,San Diego State,12,-8.0
09/28/1991,Air Force,7,Brigham Young,21,12.0
09/28/1991,Alabama,48,Vanderbilt,17,-19.0
09/28/1991,Arkansas,17,Mississippi,24,11.5
09/28/1991,Auburn,21,Tennessee,30,6.5
09/28/1991,Ball State,14,Indiana State,10, 
09/28/1991,Baylor,45,S-M-U,7,-23.0
09/28/1991,Boston College,21,Penn State,28,25.5
09/28/1991,Bowling Green,22,Navy,19, 
09/28/1991,Central Michigan,16,Toledo,16, 
09/28/1991,Colorado,21,Stanford,28,-6.5
09/28/1991,Duke,3,Virginia,34,7.0
09/28/1991,Eastern Michigan,6,Wisconsin,21, 
09/28/1991,Florida State,51,Michigan,31,-2.5
09/28/1991,Fullerton State,14,Georgia,27, 
09/28/1991,Georgia Tech,7,Clemson,9,7.0
09/28/1991,Harvard,20,Army,21,26.5
09/28/1991,Hawaii,16,Colorado State,28,1.5
09/28/1991,Howard,0,Temple,40, 
09/28/1991,Iowa State,28,Rice,27,6.0
09/28/1991,Indiana,27,Missouri,27,-3.0
09/28/1991,Kent State,6,Kentucky,24, 
09/28/1991,Kansas State,3,Washington,56,37.5
09/28/1991,Long Beach State,21,Arizona,45, 
09/28/1991,Louisiana Tech,42,Arkansas State,10, 
09/28/1991,Miami-Florida,34,Tulsa,10,-23.0
09/28/1991,Miami-Ohio,22,Cincinnati,9, 
09/28/1991,Mississippi State,7,Florida,29,13.5
09/28/1991,North Carolina,7,No Carolina State,24,7.0
09/28/1991,Notre Dame,45,Purdue,20,-25.0
09/28/1991,Nebraska,18,Arizona State,9,-6.0
09/28/1991,Northern Illinois,7,Iowa,58, 
09/28/1991,New Mexico State,10,New Mexico,17, 
09/28/1991,Northern Arizona,14,Akron,49, 
09/28/1991,Ohio,9,Western Michigan,35, 
09/28/1991,Pittsburgh,14,Minnesota,13,-9.5
09/28/1991,Rutgers,14,Michigan State,7,13.0
09/28/1991,Southern Cal,30,Oregon,14,0.0
09/28/1991,South Carolina,20,East Carolina,31,0.0
09/28/1991,San Jose State,23,Utah State,7, 
09/28/1991,Southern Miss,14,Louisville,28,2.0
09/28/1991,UL-Lafayette,7,Texas A+M,34,27.0
09/28/1991,Syracuse,24,Tulane,0,-18.0
09/28/1991,Texas Christian,30,Texas Tech,16,4.0
09/28/1991,UTEP,28,Wyoming,28,14.0
09/28/1991,Virginia Tech,17,Oklahoma,27,17.0
09/28/1991,Washington State,40,Nevada-Las Vegas,13, 
09/28/1991,Wake Forest,14,Northwestern,41,-3.0
10/04/1991,Utah State,12,Brigham Young,38, 
10/05/1991,Akron,20,East Carolina,56, 
10/05/1991,Appalachian State,17,Wake Forest,3, 
10/05/1991,Arizona,0,Washington,54,29.0
10/05/1991,Arkansas,22,Texas Christian,21,8.5
10/05/1991,Army,12,Rutgers,14,10.0
10/05/1991,Baylor,38,Houston,21,-1.0
10/05/1991,California,27,U.C.L.A.,24,4.0
10/05/1991,U-C-F,31,Arkansas State,20, 
10/05/1991,Chattanooga,7,Alabama,53, 
10/05/1991,Cincinnati,30,Louisville,7,30.5
10/05/1991,Clemson,12,Georgia,27,-8.0
10/05/1991,Central Michigan,10,Bowling Green,17, 
10/05/1991,Colorado State,23,UTEP,18,-3.0
10/05/1991,Eastern Michigan,21,Kent State,20, 
10/05/1991,East Tennessee St,7,South Carolina,55, 
10/05/1991,Florida,16,Louisiana State,0,-22.0
10/05/1991,Fullerton State,28,Pacific,56, 
10/05/1991,Georgia Tech,21,No Carolina State,28,-2.0
10/05/1991,Kansas,19,Virginia,31,10.0
10/05/1991,Long Beach State,31,Nevada-Las Vegas,19, 
10/05/1991,Louisiana Tech,37,Northern Illinois,3, 
10/05/1991,Michigan State,0,Indiana,31,7.5
10/05/1991,Maryland,20,Pittsburgh,24,12.0
10/05/1991,Memphis,21,Missouri,31,2.0
10/05/1991,Miami-Ohio,27,UL-Lafayette,14, 
10/05/1991,Michigan,43,Iowa,24,0.0
10/05/1991,Minnesota,3,Illinois,24,15.0
10/05/1991,Mississippi,35,Kentucky,14,-4.0
10/05/1991,Notre Dame,42,Stanford,26,-9.5
10/05/1991,New Mexico,17,Fresno State,94, 
10/05/1991,New Mexico State,6,Oregon,29, 
10/05/1991,Ohio,13,Toledo,17, 
10/05/1991,Oklahoma,29,Iowa State,8,-19.0
10/05/1991,Oklahoma State,3,Miami-Florida,40,36.0
10/05/1991,Oregon State,7,Washington State,55,15.0
10/05/1991,Penn State,24,Temple,7,-23.0
10/05/1991,Purdue,17,Northwestern,14,-2.5
10/05/1991,Rice,7,Texas,28,15.0
10/05/1991,San Diego State,47,Hawaii,21,3.5
10/05/1991,Southern Miss,10,Auburn,9,12.0
10/05/1991,S-M-U,31,Tulane,17,7.0
10/05/1991,Syracuse,14,Florida State,46,18.0
10/05/1991,Texas A+M,37,Texas Tech,14,-11.5
10/05/1991,Utah,15,Arizona State,21,15.0
10/05/1991,Vanderbilt,13,Duke,17,15.0
10/05/1991,Virginia Tech,20,West Virginia,14,1.5
10/05/1991,Wisconsin,16,Ohio State,31,23.0
10/05/1991,Western Michigan,25,Ball State,16, 
10/05/1991,William + Mary,36,North Carolina,59, 
10/05/1991,Wyoming,28,Air Force,51,4.0
10/12/1991,Air Force,46,Navy,6,-14.0
10/12/1991,Arkansas State,14,Louisiana State,70, 
10/12/1991,Arizona,14,U.C.L.A.,54,14.5
10/12/1991,Auburn,24,Vanderbilt,22,-18.5
10/12/1991,Arizona State,24,Oregon State,7,-21.0
10/12/1991,Ball State,10,Eastern Michigan,8, 
10/12/1991,Bowling Green,45,Ohio,14, 
10/12/1991,Cincinnati,38,Kent State,19, 
10/12/1991,The Citadel,20,Army,14, 
10/12/1991,Cornell,6,Stanford,56,44.0
10/12/1991,Cal-San Luis Obispo,28,Pacific,63, 
10/12/1991,East Carolina,23,Syracuse,20,11.5
10/12/1991,Georgia,37,Mississippi,17,1.5
10/12/1991,Houston,17,Arkansas,29,-10.5
10/12/1991,Iowa,10,Wisconsin,6,-19.0
10/12/1991,Kansas,12,Kansas State,16,-8.5
10/12/1991,Kentucky,6,Mississippi State,31,13.5
10/12/1991,Long Beach State,14,Fresno State,42, 
10/12/1991,Louisville,3,Boston College,33,2.0
10/12/1991,Louisiana Tech,12,South Carolina,12, 
10/12/1991,Maine,17,Rutgers,40, 
10/12/1991,Maryland,10,Georgia Tech,34,14.5
10/12/1991,Miami-Ohio,10,Central Michigan,10, 
10/12/1991,Michigan,45,Michigan State,28,-26.0
10/12/1991,Missouri,7,Colorado,55,18.5
10/12/1991,Nebraska,49,Oklahoma State,15,-27.0
10/12/1991,New Mexico,24,San Diego State,38,31.5
10/12/1991,Northwestern,6,Indiana,44,20.0
10/12/1991,Ohio State,7,Illinois,10,3.5
10/12/1991,Oklahoma,7,Texas,10,-6.0
10/12/1991,Oregon,7,California,45,10.5
10/12/1991,Penn State,20,Miami-Florida,26,10.0
10/12/1991,Pittsburgh,7,Notre Dame,42,14.5
10/12/1991,Purdue,3,Minnesota,6,4.0
10/12/1991,Rice,20,Baylor,17,21.0
10/12/1991,Southern Cal,34,Washington State,27,-7.5
10/12/1991,San Jose State,39,New Mexico State,13, 
10/12/1991,Southern Miss,12,Memphis,17,-3.0
10/12/1991,Temple,9,West Virginia,10,13.0
10/12/1991,Tennessee,18,Florida,35,4.5
10/12/1991,Toledo,0,Washington,48, 
10/12/1991,Texas Tech,38,S-M-U,14,-5.0
10/12/1991,Tulane,0,Alabama,62,31.0
10/12/1991,Tulsa,34,UL-Lafayette,20,-8.5
10/12/1991,Nevada-Las Vegas,25,Fullerton State,3, 
10/12/1991,Utah,57,Wyoming,42,2.5
10/12/1991,UTEP,29,Brigham Young,31,24.0
10/12/1991,Virginia,20,Clemson,20,10.0
10/12/1991,Virginia Tech,20,Florida State,33,27.5
10/12/1991,Wake Forest,10,North Carolina,24,20.5
10/12/1991,Western Michigan,22,Northern Illinois,10, 
10/12/1991,Youngstown State,24,Akron,38, 
10/19/1991,Arkansas State,23,Akron,28, 
10/19/1991,Army,37,Louisville,12,8.0
10/19/1991,Cincinnati,9,Virginia Tech,56,27.5
10/19/1991,Central Michigan,23,Kent State,7, 
10/19/1991,Colorado,34,Oklahoma,17,4.5
10/19/1991,Colorado State,16,Utah,21,7.0
10/19/1991,Fresno State,42,New Mexico State,28, 
10/19/1991,Fullerton State,3,Utah State,26, 
10/19/1991,Georgia,25,Vanderbilt,27,-15.0
10/19/1991,Georgia Tech,14,South Carolina,23,-7.0
10/19/1991,Hawaii,18,Brigham Young,35,21.0
10/19/1991,Iowa State,0,Kansas,41,4.5
10/19/1991,Illinois,21,Iowa,24,6.0
10/19/1991,Indiana,16,Michigan,24,18.5
10/19/1991,Kansas State,31,Nebraska,38,33.5
10/19/1991,Long Beach State,0,Miami-Florida,55, 
10/19/1991,Louisiana State,29,Kentucky,26,4.0
10/19/1991,Marshall,14,No Carolina State,15, 
10/19/1991,Maryland,23,Wake Forest,22,-10.5
10/19/1991,Memphis,28,Mississippi State,23,10.0
10/19/1991,Minnesota,12,Michigan State,20,3.0
10/19/1991,Middle Tennessee,10,Florida State,39, 
10/19/1991,Navy,14,Temple,21,16.5
10/19/1991,North Carolina,9,Virginia,14,8.0
10/19/1991,Notre Dame,28,Air Force,15,-19.5
10/19/1991,Northern Illinois,10,Florida,41, 
10/19/1991,Northwestern,3,Ohio State,34,26.0
10/19/1991,Ohio,0,Miami-Ohio,34, 
10/19/1991,Oklahoma State,7,Missouri,41,8.0
10/19/1991,Pacific,47,San Jose State,64, 
10/19/1991,Rutgers,17,Penn State,37,26.0
10/19/1991,San Diego State,28,UTEP,21,-3.0
10/19/1991,S-M-U,20,Houston,49,26.0
10/19/1991,Stanford,24,Southern Cal,21,7.0
10/19/1991,Syracuse,31,Pittsburgh,27,-2.0
10/19/1991,Texas Christian,39,Rice,28,3.5
10/19/1991,Tennessee,19,Alabama,24,2.0
10/19/1991,Texas,13,Arkansas,14,-9.0
10/19/1991,Toledo,21,Bowling Green,24, 
10/19/1991,Tulane,14,Southern Miss,47,24.0
10/19/1991,Texas A+M,34,Baylor,12,4.0
10/19/1991,U.C.L.A.,44,Oregon State,7,-24.0
10/19/1991,Washington,24,California,17,-16.0
10/19/1991,Washington State,17,Arizona State,3,9.0
10/19/1991,Wisconsin,7,Purdue,28,5.0
10/19/1991,Western Michigan,24,Eastern Michigan,42, 
10/19/1991,West Virginia,31,Boston College,24,1.0
10/19/1991,Wyoming,39,New Mexico,19,-12.0
10/25/1991,Michigan,52,Minnesota,6, 
10/26/1991,Ball State,3,Central Michigan,10, 
10/26/1991,Boston College,28,Army,17,-6.5
10/26/1991,Bowling Green,23,Western Michigan,10, 
10/26/1991,Brigham Young,41,New Mexico,23,-30.0
10/26/1991,Colorado,10,Kansas State,0,-22.0
10/26/1991,Colorado State,28,Wyoming,35,2.0
10/26/1991,Delaware,29,Navy,25, 
10/26/1991,Duke,17,Maryland,13,-1.0
10/26/1991,Florida State,27,Louisiana State,16,-28.0
10/26/1991,Houston,18,Texas A+M,27,13.5
10/26/1991,Illinois,11,Northwestern,17,-21.5
10/26/1991,Indiana,28,Wisconsin,20,-14.0
10/26/1991,Iowa,31,Purdue,21,-12.0
10/26/1991,Kansas,3,Oklahoma,41,13.0
10/26/1991,Kent State,40,Ohio,45, 
10/26/1991,Kentucky,27,Georgia,49,17.0
10/26/1991,Louisville,13,Virginia Tech,41,21.0
10/26/1991,Louisiana Tech,14,UL-Lafayette,14, 
10/26/1991,Michigan State,17,Ohio State,27,14.5
10/26/1991,Miami-Florida,36,Arizona,9,-26.0
10/26/1991,Miami-Ohio,7,Toledo,24, 
10/26/1991,Missouri,6,Nebraska,63,20.0
10/26/1991,Mississippi State,24,Auburn,17,6.5
10/26/1991,North Carolina,14,Georgia Tech,35,10.5
10/26/1991,No Carolina State,19,Clemson,29,6.5
10/26/1991,Northern Illinois,7,Akron,17, 
10/26/1991,New Mexico State,20,Pacific,27, 
10/26/1991,Oklahoma State,6,Iowa State,6,6.0
10/26/1991,Oregon,7,Washington,29,31.5
10/26/1991,Oregon State,10,Stanford,40,30.0
10/26/1991,Pittsburgh,23,East Carolina,24,4.5
10/26/1991,Rice,20,Texas Tech,40,2.5
10/26/1991,Southern Cal,20,Notre Dame,24,13.5
10/26/1991,San Diego State,24,Utah,21,1.5
10/26/1991,San Jose State,20,California,41, 
10/26/1991,Southern Miss,7,Cincinnati,17,-15.5
10/26/1991,Missouri State,37,Arkansas State,20, 
10/26/1991,Syracuse,21,Rutgers,7,-13.0
10/26/1991,Texas Christian,9,Baylor,26,12.0
10/26/1991,Texas,34,S-M-U,0,-25.0
10/26/1991,Tulsa,33,Memphis,28,1.5
10/26/1991,U.C.L.A.,21,Arizona State,16,-7.5
10/26/1991,Nevada-Las Vegas,22,Fresno State,48, 
10/26/1991,UTEP,13,Air Force,20,15.5
10/26/1991,Utah State,6,Long Beach State,7, 
10/26/1991,Vanderbilt,30,Mississippi,27,12.5
10/26/1991,Wake Forest,7,Virginia,48,24.5
10/26/1991,West Virginia,6,Penn State,51,17.5
10/31/1991,Brigham Young,40,Colorado State,17,-9.5
11/02/1991,Air Force,32,New Mexico,34,-22.0
11/02/1991,Arizona State,16,Washington,44,29.0
11/02/1991,Baylor,9,Arkansas,5,-7.0
11/02/1991,Bowling Green,17,Miami-Ohio,7, 
11/02/1991,Cincinnati,17,Kentucky,20,9.5
11/02/1991,Central Michigan,14,Eastern Michigan,14, 
11/02/1991,Florida,31,Auburn,10,-10.0
11/02/1991,Fresno State,19,Utah State,20, 
11/02/1991,Florida State,40,Louisville,15,-32.0
11/02/1991,Georgia Tech,17,Duke,6,-9.0
11/02/1991,Iowa State,23,Missouri,22,12.0
11/02/1991,Iowa,16,Ohio State,9,1.0
11/02/1991,Kansas,31,Oklahoma State,0,-8.0
11/02/1991,Kansas State,7,Oklahoma,28,21.5
11/02/1991,Louisiana State,25,Mississippi,22,3.0
11/02/1991,Maryland,0,North Carolina,24,8.0
11/02/1991,Memphis,24,Tennessee,52,20.5
11/02/1991,Minnesota,8,Indiana,34,17.5
11/02/1991,Mississippi State,7,Alabama,13,12.0
11/02/1991,Navy,0,Notre Dame,38,40.0
11/02/1991,No Carolina State,38,South Carolina,21,-1.0
11/02/1991,Nebraska,19,Colorado,19,1.5
11/02/1991,UL-Monroe,10,Louisiana Tech,35, 
11/02/1991,New Mexico State,35,Fullerton State,12, 
11/02/1991,Northwestern,16,Michigan State,13,11.5
11/02/1991,Ohio,6,Ball State,10, 
11/02/1991,Oregon State,21,Arizona,45,18.0
11/02/1991,Pacific,51,Long Beach State,24, 
11/02/1991,Pittsburgh,12,Boston College,38,-3.0
11/02/1991,Purdue,0,Michigan,42,27.0
11/02/1991,Rutgers,3,West Virginia,28,6.0
11/02/1991,Southern Cal,30,California,52,7.0
11/02/1991,Southern Miss,10,Tulsa,13,5.5
11/02/1991,S-M-U,10,Texas Christian,18,19.5
11/02/1991,Stanford,33,Oregon,13,-6.0
11/02/1991,UL-Lafayette,13,Northern Illinois,12, 
11/02/1991,Temple,6,Syracuse,27,17.0
11/02/1991,Toledo,13,Kent State,14, 
11/02/1991,Texas Tech,15,Texas,23,13.5
11/02/1991,Tulane,28,East Carolina,38,24.0
11/02/1991,Texas A+M,38,Rice,21,-19.0
11/02/1991,Nevada-Las Vegas,12,San Jose State,55, 
11/02/1991,Utah,26,Hawaii,52,-2.0
11/02/1991,Vanderbilt,41,Army,10,-3.0
11/02/1991,Virginia Military,0,Virginia,42, 
11/02/1991,Washington State,3,U.C.L.A.,44,14.0
11/02/1991,Wake Forest,10,Clemson,28,33.0
11/02/1991,Wisconsin,6,Illinois,22,17.5
11/02/1991,Wyoming,22,San Diego State,24,10.5
11/09/1991,Akron,24,Virginia Tech,42, 
11/09/1991,Alabama,20,Louisiana State,17,-9.0
11/09/1991,Arizona,27,Washington State,40,4.0
11/09/1991,Arkansas,21,Texas Tech,38,4.0
11/09/1991,Army,0,Air Force,25,15.0
11/09/1991,Ball State,9,Toledo,3, 
11/09/1991,Boston College,33,Temple,13,-6.5
11/09/1991,California,27,Oregon State,14,-32.0
11/09/1991,Clemson,21,North Carolina,6,-6.5
11/09/1991,Colorado,16,Oklahoma State,12,-29.0
11/09/1991,Colorado State,32,San Diego State,42,10.5
11/09/1991,Duke,14,Wake Forest,31,-10.5
11/09/1991,East Carolina,48,Southern Miss,20,-1.0
11/09/1991,Eastern Michigan,13,Ohio,10, 
11/09/1991,Florida,45,Georgia,13,-12.0
11/09/1991,Fresno State,59,Pacific,14, 
11/09/1991,Fullerton State,7,San Jose State,35, 
11/09/1991,Furman,17,Georgia Tech,19, 
11/09/1991,Illinois,41,Purdue,14,-6.5
11/09/1991,Indiana,21,Iowa,38,5.0
11/09/1991,Kent State,7,Bowling Green,35, 
11/09/1991,Kansas State,37,Iowa State,7,-4.0
11/09/1991,Kentucky,7,Vanderbilt,17,8.0
11/09/1991,Long Beach State,24,New Mexico State,28, 
11/09/1991,Louisville,7,Memphis,35,9.0
11/09/1991,Michigan State,20,Wisconsin,7,-1.0
11/09/1991,Miami-Ohio,23,Western Michigan,24, 
11/09/1991,Middle Tennessee,10,Cincinnati,30, 
11/09/1991,Navy,7,Tulane,34,3.5
11/09/1991,Nebraska,59,Kansas,23,-15.5
11/09/1991,New Mexico,7,Utah,30,18.0
11/09/1991,Northwestern,14,Michigan,59,37.0
11/09/1991,Ohio State,35,Minnesota,6,-14.0
11/09/1991,Oklahoma,56,Missouri,16,-18.0
11/09/1991,Oregon,21,Arizona State,24,9.0
11/09/1991,Penn State,47,Maryland,7,-27.0
11/09/1991,Rice,31,S-M-U,10,-9.0
11/09/1991,Rutgers,17,Pittsburgh,22,10.5
11/09/1991,South Carolina,10,Florida State,38,25.0
11/09/1991,Southern Illinois,16,Louisiana Tech,48, 
11/09/1991,UL-Lafayette,7,Auburn,50,20.5
11/09/1991,Tennessee,35,Notre Dame,34,6.5
11/09/1991,Texas,14,Houston,23,-1.0
11/09/1991,Troy,17,Arkansas State,20, 
11/09/1991,Texas A+M,44,Texas Christian,7,-14.0
11/09/1991,U.C.L.A.,10,Stanford,27,-4.0
11/09/1991,UTEP,41,Hawaii,24,6.5
11/09/1991,Utah State,27,Nevada-Las Vegas,14, 
11/09/1991,Virginia,42,No Carolina State,10,3.5
11/09/1991,Washington,14,Southern Cal,3,-16.5
11/09/1991,West Virginia,3,Miami-Florida,27,26.5
11/09/1991,Wyoming,31,Brigham Young,56,15.0
11/16/1991,Akron,0,Army,19, 
11/16/1991,Alabama,10,Memphis,7,-11.5
11/16/1991,Arkansas,3,Texas A+M,13,23.5
11/16/1991,Auburn,27,Georgia,37,2.0
11/16/1991,Arizona State,6,California,25,14.0
11/16/1991,Boston College,16,Syracuse,38,9.0
11/16/1991,Bowling Green,14,Ball State,13, 
11/16/1991,Brigham Young,52,San Diego State,52,-5.0
11/16/1991,East Carolina,24,Virginia Tech,17,4.5
11/16/1991,Fullerton State,7,Fresno State,38, 
11/16/1991,Hawaii,35,San Jose State,35, 
11/16/1991,Houston,41,Rice,21,-9.5
11/16/1991,Iowa State,13,Nebraska,38,35.5
11/16/1991,Illinois State,24,Northern Illinois,27, 
11/16/1991,Indiana,16,Ohio State,20,4.0
11/16/1991,Iowa,24,Northwestern,10,-20.5
11/16/1991,Kansas,24,Colorado,30,17.0
11/16/1991,Kentucky,26,Florida,35,36.5
11/16/1991,Louisville,0,Tulsa,40,16.5
11/16/1991,Michigan State,17,Purdue,27,2.0
11/16/1991,Maryland,7,Clemson,40,24.0
11/16/1991,Miami-Florida,17,Florida State,16,3.0
11/16/1991,Miami-Ohio,20,Kent State,9, 
11/16/1991,Michigan,20,Illinois,0,-10.0
11/16/1991,Mississippi,25,Tennessee,36,16.5
11/16/1991,Missouri,0,Kansas State,32,9.5
11/16/1991,Mississippi State,28,Louisiana State,19,-4.5
11/16/1991,No Carolina State,32,Duke,31,-7.0
11/16/1991,Notre Dame,13,Penn State,35,3.5
11/16/1991,New Mexico,38,Colorado State,36,15.0
11/16/1991,New Mexico State,28,Nevada-Las Vegas,38, 
11/16/1991,Oklahoma State,6,Oklahoma,21,31.0
11/16/1991,Oregon,7,U.C.L.A.,16,19.0
11/16/1991,Pacific,14,Utah State,21, 
11/16/1991,Southern Cal,14,Arizona,31,-8.5
11/16/1991,South Carolina,17,North Carolina,21,3.5
11/16/1991,Southern Miss,14,Louisiana Tech,30, 
11/16/1991,Stanford,49,Washington State,14,-7.0
11/16/1991,UL-Lafayette,17,Arkansas State,13, 
11/16/1991,Texas Christian,0,Texas,32,16.5
11/16/1991,Temple,0,Rutgers,41,6.0
11/16/1991,Toledo,21,Eastern Michigan,14, 
11/16/1991,Texas Tech,31,Baylor,24,11.5
11/16/1991,Utah,10,UTEP,9,1.0
11/16/1991,Washington,58,Oregon State,6,-43.5
11/16/1991,Wake Forest,3,Georgia Tech,27,27.0
11/16/1991,Wisconsin,19,Minnesota,16,2.0
11/16/1991,Western Michigan,17,Central Michigan,27, 
11/23/1991,Air Force,24,Hawaii,20,-3.0
11/23/1991,Akron,37,Temple,32, 
11/23/1991,Arizona,14,Arizona State,37,5.5
11/23/1991,Baylor,21,Texas,11,4.0
11/23/1991,California,21,Stanford,38,0.0
11/23/1991,Clemson,41,South Carolina,24,-9.5
11/23/1991,Colorado,17,Iowa State,14,-22.5
11/23/1991,Duke,14,North Carolina,47,7.0
11/23/1991,East Carolina,30,Cincinnati,19,-15.5
11/23/1991,Houston,45,Texas Christian,49,-18.5
11/23/1991,Illinois,24,Michigan State,27,-9.0
11/23/1991,Kansas State,36,Oklahoma State,26,-10.0
11/23/1991,Long Beach State,36,Fullerton State,37, 
11/23/1991,Louisiana State,39,Tulane,20,-12.5
11/23/1991,Louisiana Tech,21,UTEP,17, 
11/23/1991,Maryland,17,No Carolina State,20,17.0
11/23/1991,Miami-Florida,19,Boston College,14,-20.0
11/23/1991,Minnesota,8,Iowa,23,26.0
11/23/1991,Mississippi,9,Mississippi State,24,7.5
11/23/1991,Missouri,29,Kansas,53,15.0
11/23/1991,Northern Illinois,21,Toledo,42, 
11/23/1991,Northwestern,14,Wisconsin,32,2.0
11/23/1991,Ohio,13,Tulsa,45, 
11/23/1991,Ohio State,3,Michigan,31,14.0
11/23/1991,Oregon State,14,Oregon,3,19.0
11/23/1991,Pacific,44,Nevada-Las Vegas,23, 
11/23/1991,Purdue,22,Indiana,24,14.5
11/23/1991,Rice,0,Arkansas,20,5.0
11/23/1991,San Jose State,28,Fresno State,31, 
11/23/1991,S-M-U,6,Texas A+M,65,35.0
11/23/1991,Tennessee,16,Kentucky,7,-19.0
11/23/1991,U.C.L.A.,24,Southern Cal,21,-6.0
11/23/1991,Utah,17,Brigham Young,48,16.5
11/23/1991,Utah State,46,New Mexico State,21, 
11/23/1991,Virginia Tech,0,Virginia,38,9.5
11/23/1991,Washington State,21,Washington,56,34.0
11/23/1991,Wake Forest,52,Navy,24,-7.0
11/23/1991,West Virginia,10,Syracuse,16,12.0
11/28/1991,Penn State,32,Pittsburgh,20,-15.0
11/28/1991,Texas,14,Texas A+M,31,13.5
11/29/1991,Oklahoma,14,Nebraska,19,7.0
11/30/1991,Alabama,13,Auburn,6,-6.0
11/30/1991,Clemson,33,Duke,21,-19.5
11/30/1991,Florida State,9,Florida,14,-2.0
11/30/1991,Georgia,18,Georgia Tech,15,4.5
11/30/1991,Notre Dame,48,Hawaii,42,-22.5
11/30/1991,San Diego State,12,Miami-Florida,39,26.5
11/30/1991,Texas Tech,52,Houston,46,6.5
11/30/1991,Tulsa,31,S-M-U,26,-20.0
11/30/1991,Vanderbilt,0,Tennessee,45,17.0
12/07/1991,Army,3,Navy,24,9.5
